,distance,gauge,gauge-5,gauge-10,gauge-15,gauge-20,gauge-25,gauge-30
0,25.605,4.05,6.55,9.05,11.55,14.05,16.55,19.05
1,25.655,3.45,5.95,8.45,10.95,13.45,15.95,18.45
2,25.705,3.25,5.75,8.25,10.75,13.25,15.75,18.25
3,25.755,3.2,5.7,8.2,10.7,13.2,15.7,18.2
4,25.805,3.05,5.55,8.05,10.55,13.05,15.55,18.05
5,25.855,2.95,5.45,7.95,10.45,12.95,15.45,17.95
6,25.905,2.6,5.1,7.6,10.1,12.6,15.1,17.6
7,25.955,2.45,4.95,7.45,9.95,12.45,14.95,17.45
8,26.005,2.45,4.95,7.45,9.95,12.45,14.95,17.45
9,26.055,2.5,5.0,7.5,10.0,12.5,15.0,17.5
10,26.105,2.3,4.8,7.3,9.8,12.3,14.8,17.3
11,26.155,2.3,4.8,7.3,9.8,12.3,14.8,17.3
12,26.205,2.4,4.9,7.4,9.9,12.4,14.9,17.4
13,26.255,2.4,4.9,7.4,9.9,12.4,14.9,17.4
14,26.305,2.4,4.9,7.4,9.9,12.4,14.9,17.4
15,26.355,2.45,4.95,7.45,9.95,12.45,14.95,17.45
16,26.405,2.3,4.8,7.3,9.8,12.3,14.8,17.3
17,26.455,2.35,4.85,7.35,9.85,12.35,14.85,17.35
18,26.505,2.35,4.85,7.35,9.85,12.35,14.85,17.35
19,26.555,2.5,5.0,7.5,10.0,12.5,15.0,17.5
20,26.605,2.45,4.95,7.45,9.95,12.45,14.95,17.45
21,26.655,2.45,4.95,7.45,9.95,12.45,14.95,17.45
22,26.705,2.45,4.95,7.45,9.95,12.45,14.95,17.45
23,26.755,2.5,5.0,7.5,10.0,12.5,15.0,17.5
24,26.805,2.4,4.9,7.4,9.9,12.4,14.9,17.4
25,26.855,2.35,4.85,7.35,9.85,12.35,14.85,17.35
26,26.905,2.2,4.7,7.2,9.7,12.2,14.7,17.2
27,26.955,2.0,4.5,7.0,9.5,12.0,14.5,17.0
28,27.005,1.85,4.35,6.85,9.35,11.85,14.35,16.85
29,27.055,1.75,4.25,6.75,9.25,11.75,14.25,16.75
30,27.105,1.65,4.15,6.65,9.15,11.65,14.15,16.65
31,27.155,1.6,4.1,6.6,9.1,11.6,14.1,16.6
32,27.205,1.55,4.05,6.55,9.05,11.55,14.05,16.55
33,27.255,1.55,4.05,6.55,9.05,11.55,14.05,16.55
34,27.305,1.55,4.05,6.55,9.05,11.55,14.05,16.55
35,27.355,1.3,3.8,6.3,8.8,11.3,13.8,16.3
36,27.405,1.2,3.7,6.2,8.7,11.2,13.7,16.2
37,27.455,1.05,3.55,6.05,8.55,11.05,13.55,16.05
38,27.505,0.85,3.35,5.85,8.35,10.85,13.35,15.85
39,27.555,0.85,3.35,5.85,8.35,10.85,13.35,15.85
40,27.605,1.0,3.5,6.0,8.5,11.0,13.5,16.0
41,27.655,0.95,3.45,5.95,8.45,10.95,13.45,15.95
42,27.705,0.95,3.45,5.95,8.45,10.95,13.45,15.95
43,27.755,1.05,3.55,6.05,8.55,11.05,13.55,16.05
44,27.805,1.1,3.6,6.1,8.6,11.1,13.6,16.1
45,27.855,1.15,3.65,6.15,8.65,11.15,13.65,16.15
46,27.905,1.15,3.65,6.15,8.65,11.15,13.65,16.15
47,27.955,1.1,3.6,6.1,8.6,11.1,13.6,16.1
48,28.005,1.05,3.55,6.05,8.55,11.05,13.55,16.05
49,28.055,1.05,3.55,6.05,8.55,11.05,13.55,16.05
50,28.105,1.1,3.6,6.1,8.6,11.1,13.6,16.1
51,28.155,1.0,3.5,6.0,8.5,11.0,13.5,16.0
52,28.205,1.05,3.55,6.05,8.55,11.05,13.55,16.05
53,28.255,1.1,3.6,6.1,8.6,11.1,13.6,16.1
54,28.305,1.2,3.7,6.2,8.7,11.2,13.7,16.2
55,28.355,1.15,3.65,6.15,8.65,11.15,13.65,16.15
56,28.405,1.3,3.8,6.3,8.8,11.3,13.8,16.3
57,28.455,1.3,3.8,6.3,8.8,11.3,13.8,16.3
58,28.505,1.2,3.7,6.2,8.7,11.2,13.7,16.2
59,28.555,1.1,3.6,6.1,8.6,11.1,13.6,16.1
60,28.605,0.95,3.45,5.95,8.45,10.95,13.45,15.95
61,28.655,0.75,3.25,5.75,8.25,10.75,13.25,15.75
62,28.705,0.75,3.25,5.75,8.25,10.75,13.25,15.75
63,28.755,0.7,3.2,5.7,8.2,10.7,13.2,15.7
64,28.805,0.65,3.15,5.65,8.15,10.65,13.15,15.65
65,28.855,0.55,3.05,5.55,8.05,10.55,13.05,15.55
66,28.905,0.6,3.1,5.6,8.1,10.6,13.1,15.6
67,28.955,0.5,3.0,5.5,8.0,10.5,13.0,15.5
68,29.005,0.45,2.95,5.45,7.95,10.45,12.95,15.45
69,29.055,0.4,2.9,5.4,7.9,10.4,12.9,15.4
70,29.105,0.4,2.9,5.4,7.9,10.4,12.9,15.4
71,29.155,0.3,2.8,5.3,7.8,10.3,12.8,15.3
72,29.205,0.3,2.8,5.3,7.8,10.3,12.8,15.3
73,29.255,0.25,2.75,5.25,7.75,10.25,12.75,15.25
74,29.305,0.2,2.7,5.2,7.7,10.2,12.7,15.2
75,29.355,-0.05,-2.55,-5.05,-7.55,-10.05,-12.55,-15.05
76,29.405,-0.1,-2.6,-5.1,-7.6,-10.1,-12.6,-15.1
77,29.455,-0.35,-2.85,-5.35,-7.85,-10.35,-12.85,-15.35
78,29.505,-0.4,-2.9,-5.4,-7.9,-10.4,-12.9,-15.4
79,29.555,-0.55,-3.05,-5.55,-8.05,-10.55,-13.05,-15.55
80,29.605,-0.6,-3.1,-5.6,-8.1,-10.6,-13.1,-15.6
81,29.655,-0.65,-3.15,-5.65,-8.15,-10.65,-13.15,-15.65
82,29.705,-0.7,-3.2,-5.7,-8.2,-10.7,-13.2,-15.7
83,29.755,-0.7,-3.2,-5.7,-8.2,-10.7,-13.2,-15.7
84,29.805,-0.75,-3.25,-5.75,-8.25,-10.75,-13.25,-15.75
85,29.855,-0.75,-3.25,-5.75,-8.25,-10.75,-13.25,-15.75
86,29.905,-0.65,-3.15,-5.65,-8.15,-10.65,-13.15,-15.65
87,29.955,-0.6,-3.1,-5.6,-8.1,-10.6,-13.1,-15.6
88,30.005,-0.6,-3.1,-5.6,-8.1,-10.6,-13.1,-15.6
89,30.055,-0.3,-2.8,-5.3,-7.8,-10.3,-12.8,-15.3
90,30.105,-0.4,-2.9,-5.4,-7.9,-10.4,-12.9,-15.4
91,30.155,-0.2,-2.7,-5.2,-7.7,-10.2,-12.7,-15.2
92,30.205,-0.25,-2.75,-5.25,-7.75,-10.25,-12.75,-15.25
93,30.255,0.0,0.0,0.0,0.0,0.0,0.0,0.0
94,30.305,-0.1,-2.6,-5.1,-7.6,-10.1,-12.6,-15.1
95,30.355,-0.1,-2.6,-5.1,-7.6,-10.1,-12.6,-15.1
96,30.405,0.0,0.0,0.0,0.0,0.0,0.0,0.0
97,30.455,-0.05,-2.55,-5.05,-7.55,-10.05,-12.55,-15.05
98,30.505,0.0,0.0,0.0,0.0,0.0,0.0,0.0
99,30.555,-0.15,-2.65,-5.15,-7.65,-10.15,-12.65,-15.15
100,30.605,0.1,2.6,5.1,7.6,10.1,12.6,15.1
101,30.655,-0.15,-2.65,-5.15,-7.65,-10.15,-12.65,-15.15
102,30.705,0.0,0.0,0.0,0.0,0.0,0.0,0.0
103,30.755,0.05,2.55,5.05,7.55,10.05,12.55,15.05
104,30.805,0.3,2.8,5.3,7.8,10.3,12.8,15.3
105,30.855,0.45,2.95,5.45,7.95,10.45,12.95,15.45
106,30.905,0.6,3.1,5.6,8.1,10.6,13.1,15.6
107,30.955,0.55,3.05,5.55,8.05,10.55,13.05,15.55
108,31.005,0.6,3.1,5.6,8.1,10.6,13.1,15.6
109,31.055,0.75,3.25,5.75,8.25,10.75,13.25,15.75
110,31.105,0.85,3.35,5.85,8.35,10.85,13.35,15.85
111,31.155,1.0,3.5,6.0,8.5,11.0,13.5,16.0
112,31.205,1.15,3.65,6.15,8.65,11.15,13.65,16.15
113,31.255,1.35,3.85,6.35,8.85,11.35,13.85,16.35
114,31.305,1.25,3.75,6.25,8.75,11.25,13.75,16.25
115,31.355,1.45,3.95,6.45,8.95,11.45,13.95,16.45
116,31.405,1.45,3.95,6.45,8.95,11.45,13.95,16.45
117,31.455,1.3,3.8,6.3,8.8,11.3,13.8,16.3
118,31.505,1.45,3.95,6.45,8.95,11.45,13.95,16.45
119,31.555,1.55,4.05,6.55,9.05,11.55,14.05,16.55
120,31.605,1.45,3.95,6.45,8.95,11.45,13.95,16.45
121,31.655,1.7,4.2,6.7,9.2,11.7,14.2,16.7
122,31.705,2.05,4.55,7.05,9.55,12.05,14.55,17.05
123,31.755,2.0,4.5,7.0,9.5,12.0,14.5,17.0
124,31.805,2.15,4.65,7.15,9.65,12.15,14.65,17.15
125,31.855,2.35,4.85,7.35,9.85,12.35,14.85,17.35
126,31.905,2.4,4.9,7.4,9.9,12.4,14.9,17.4
127,31.955,2.7,5.2,7.7,10.2,12.7,15.2,17.7
128,32.005,2.6,5.1,7.6,10.1,12.6,15.1,17.6
129,32.055,2.8,5.3,7.8,10.3,12.8,15.3,17.8
130,32.105,3.25,5.75,8.25,10.75,13.25,15.75,18.25
131,32.155,3.25,5.75,8.25,10.75,13.25,15.75,18.25
132,32.205,3.4,5.9,8.4,10.9,13.4,15.9,18.4
133,32.255,3.3,5.8,8.3,10.8,13.3,15.8,18.3
134,32.305,3.3,5.8,8.3,10.8,13.3,15.8,18.3
135,32.355,4.0,6.5,9.0,11.5,14.0,16.5,19.0
136,32.405,3.6,6.1,8.6,11.1,13.6,16.1,18.6
137,32.455,3.15,5.65,8.15,10.65,13.15,15.65,18.15
138,32.505,2.1,4.6,7.1,9.6,12.1,14.6,17.1
139,32.555,2.55,5.05,7.55,10.05,12.55,15.05,17.55
140,32.605,3.55,6.05,8.55,11.05,13.55,16.05,18.55
141,32.655,2.65,5.15,7.65,10.15,12.65,15.15,17.65
142,32.705,2.85,5.35,7.85,10.35,12.85,15.35,17.85
143,32.755,2.65,5.15,7.65,10.15,12.65,15.15,17.65
144,32.805,2.2,4.7,7.2,9.7,12.2,14.7,17.2
145,32.855,2.15,4.65,7.15,9.65,12.15,14.65,17.15
146,32.905,2.7,5.2,7.7,10.2,12.7,15.2,17.7
147,32.955,2.7,5.2,7.7,10.2,12.7,15.2,17.7
148,33.005,3.2,5.7,8.2,10.7,13.2,15.7,18.2
149,33.055,3.25,5.75,8.25,10.75,13.25,15.75,18.25
150,33.105,3.35,5.85,8.35,10.85,13.35,15.85,18.35
151,33.155,3.3,5.8,8.3,10.8,13.3,15.8,18.3
152,33.205,3.3,5.8,8.3,10.8,13.3,15.8,18.3
153,33.255,3.35,5.85,8.35,10.85,13.35,15.85,18.35
154,33.305,3.3,5.8,8.3,10.8,13.3,15.8,18.3
155,33.355,3.4,5.9,8.4,10.9,13.4,15.9,18.4
156,33.405,3.5,6.0,8.5,11.0,13.5,16.0,18.5
157,33.455,4.0,6.5,9.0,11.5,14.0,16.5,19.0
158,33.505,3.15,5.65,8.15,10.65,13.15,15.65,18.15
159,33.555,3.55,6.05,8.55,11.05,13.55,16.05,18.55
160,33.605,3.4,5.9,8.4,10.9,13.4,15.9,18.4
161,33.655,3.3,5.8,8.3,10.8,13.3,15.8,18.3
162,33.705,3.5,6.0,8.5,11.0,13.5,16.0,18.5
163,33.755,3.55,6.05,8.55,11.05,13.55,16.05,18.55
164,33.805,3.05,5.55,8.05,10.55,13.05,15.55,18.05
165,33.855,3.55,6.05,8.55,11.05,13.55,16.05,18.55
166,33.905,3.55,6.05,8.55,11.05,13.55,16.05,18.55
167,33.955,3.35,5.85,8.35,10.85,13.35,15.85,18.35
168,34.005,2.7,5.2,7.7,10.2,12.7,15.2,17.7
169,34.055,2.95,5.45,7.95,10.45,12.95,15.45,17.95
170,34.105,4.05,6.55,9.05,11.55,14.05,16.55,19.05
171,34.155,4.65,7.15,9.65,12.15,14.65,17.15,19.65
172,34.205,4.55,7.05,9.55,12.05,14.55,17.05,19.55
173,34.255,4.3,6.8,9.3,11.8,14.3,16.8,19.3
174,34.305,3.55,6.05,8.55,11.05,13.55,16.05,18.55
175,34.355,3.2,5.7,8.2,10.7,13.2,15.7,18.2
176,34.405,2.95,5.45,7.95,10.45,12.95,15.45,17.95
177,34.455,3.15,5.65,8.15,10.65,13.15,15.65,18.15
178,34.505,3.35,5.85,8.35,10.85,13.35,15.85,18.35
179,34.555,3.85,6.35,8.85,11.35,13.85,16.35,18.85
180,34.605,4.05,6.55,9.05,11.55,14.05,16.55,19.05
181,34.655,2.85,5.35,7.85,10.35,12.85,15.35,17.85
182,34.705,2.85,5.35,7.85,10.35,12.85,15.35,17.85
183,34.755,2.9,5.4,7.9,10.4,12.9,15.4,17.9
184,34.805,2.8,5.3,7.8,10.3,12.8,15.3,17.8
185,34.855,2.75,5.25,7.75,10.25,12.75,15.25,17.75
186,34.905,2.65,5.15,7.65,10.15,12.65,15.15,17.65
187,34.955,2.55,5.05,7.55,10.05,12.55,15.05,17.55
188,35.005,2.4,4.9,7.4,9.9,12.4,14.9,17.4
189,35.055,2.2,4.7,7.2,9.7,12.2,14.7,17.2
190,35.105,2.25,4.75,7.25,9.75,12.25,14.75,17.25
191,35.155,2.2,4.7,7.2,9.7,12.2,14.7,17.2
192,35.205,2.15,4.65,7.15,9.65,12.15,14.65,17.15
193,35.255,2.25,4.75,7.25,9.75,12.25,14.75,17.25
194,35.305,2.3,4.8,7.3,9.8,12.3,14.8,17.3
195,35.355,2.15,4.65,7.15,9.65,12.15,14.65,17.15
196,35.405,2.35,4.85,7.35,9.85,12.35,14.85,17.35
197,35.455,2.4,4.9,7.4,9.9,12.4,14.9,17.4
198,35.505,2.3,4.8,7.3,9.8,12.3,14.8,17.3
199,35.555,2.3,4.8,7.3,9.8,12.3,14.8,17.3
200,35.605,2.4,4.9,7.4,9.9,12.4,14.9,17.4
201,35.655,2.35,4.85,7.35,9.85,12.35,14.85,17.35
202,35.705,2.4,4.9,7.4,9.9,12.4,14.9,17.4
203,35.755,2.35,4.85,7.35,9.85,12.35,14.85,17.35
204,35.805,2.4,4.9,7.4,9.9,12.4,14.9,17.4
205,35.855,2.35,4.85,7.35,9.85,12.35,14.85,17.35
206,35.905,2.35,4.85,7.35,9.85,12.35,14.85,17.35
207,35.955,2.25,4.75,7.25,9.75,12.25,14.75,17.25
208,36.005,2.1,4.6,7.1,9.6,12.1,14.6,17.1
209,36.055,1.95,4.45,6.95,9.45,11.95,14.45,16.95
210,36.105,1.8,4.3,6.8,9.3,11.8,14.3,16.8
211,36.155,1.7,4.2,6.7,9.2,11.7,14.2,16.7
212,36.205,1.6,4.1,6.6,9.1,11.6,14.1,16.6
213,36.255,1.5,4.0,6.5,9.0,11.5,14.0,16.5
214,36.305,1.55,4.05,6.55,9.05,11.55,14.05,16.55
215,36.355,1.45,3.95,6.45,8.95,11.45,13.95,16.45
216,36.405,1.35,3.85,6.35,8.85,11.35,13.85,16.35
217,36.455,1.35,3.85,6.35,8.85,11.35,13.85,16.35
218,36.505,1.05,3.55,6.05,8.55,11.05,13.55,16.05
219,36.555,0.95,3.45,5.95,8.45,10.95,13.45,15.95
220,36.605,0.85,3.35,5.85,8.35,10.85,13.35,15.85
221,36.655,0.8,3.3,5.8,8.3,10.8,13.3,15.8
222,36.705,0.9,3.4,5.9,8.4,10.9,13.4,15.9
223,36.755,0.8,3.3,5.8,8.3,10.8,13.3,15.8
224,36.805,0.95,3.45,5.95,8.45,10.95,13.45,15.95
225,36.855,1.0,3.5,6.0,8.5,11.0,13.5,16.0
226,36.905,1.1,3.6,6.1,8.6,11.1,13.6,16.1
227,36.955,1.1,3.6,6.1,8.6,11.1,13.6,16.1
228,37.005,1.2,3.7,6.2,8.7,11.2,13.7,16.2
229,37.055,1.05,3.55,6.05,8.55,11.05,13.55,16.05
230,37.105,1.0,3.5,6.0,8.5,11.0,13.5,16.0
231,37.155,1.0,3.5,6.0,8.5,11.0,13.5,16.0
232,37.205,0.95,3.45,5.95,8.45,10.95,13.45,15.95
233,37.255,1.0,3.5,6.0,8.5,11.0,13.5,16.0
234,37.305,1.1,3.6,6.1,8.6,11.1,13.6,16.1
235,37.355,1.1,3.6,6.1,8.6,11.1,13.6,16.1
236,37.405,1.15,3.65,6.15,8.65,11.15,13.65,16.15
237,37.455,1.15,3.65,6.15,8.65,11.15,13.65,16.15
238,37.505,1.25,3.75,6.25,8.75,11.25,13.75,16.25
239,37.555,1.35,3.85,6.35,8.85,11.35,13.85,16.35
240,37.605,1.2,3.7,6.2,8.7,11.2,13.7,16.2
241,37.655,1.1,3.6,6.1,8.6,11.1,13.6,16.1
242,37.705,1.0,3.5,6.0,8.5,11.0,13.5,16.0
243,37.755,0.75,3.25,5.75,8.25,10.75,13.25,15.75
244,37.805,0.7,3.2,5.7,8.2,10.7,13.2,15.7
245,37.855,0.65,3.15,5.65,8.15,10.65,13.15,15.65
246,37.905,0.55,3.05,5.55,8.05,10.55,13.05,15.55
247,37.955,0.7,3.2,5.7,8.2,10.7,13.2,15.7
248,38.005,0.65,3.15,5.65,8.15,10.65,13.15,15.65
249,38.055,0.55,3.05,5.55,8.05,10.55,13.05,15.55
250,38.105,0.5,3.0,5.5,8.0,10.5,13.0,15.5
251,38.155,0.5,3.0,5.5,8.0,10.5,13.0,15.5
252,38.205,0.45,2.95,5.45,7.95,10.45,12.95,15.45
253,38.255,0.45,2.95,5.45,7.95,10.45,12.95,15.45
254,38.305,0.4,2.9,5.4,7.9,10.4,12.9,15.4
255,38.355,0.3,2.8,5.3,7.8,10.3,12.8,15.3
256,38.405,0.3,2.8,5.3,7.8,10.3,12.8,15.3
257,38.455,0.15,2.65,5.15,7.65,10.15,12.65,15.15
258,38.505,-0.05,-2.55,-5.05,-7.55,-10.05,-12.55,-15.05
259,38.555,-0.15,-2.65,-5.15,-7.65,-10.15,-12.65,-15.15
260,38.605,-0.15,-2.65,-5.15,-7.65,-10.15,-12.65,-15.15
261,38.655,-0.25,-2.75,-5.25,-7.75,-10.25,-12.75,-15.25
262,38.705,-0.3,-2.8,-5.3,-7.8,-10.3,-12.8,-15.3
263,38.755,-0.4,-2.9,-5.4,-7.9,-10.4,-12.9,-15.4
264,38.805,-0.4,-2.9,-5.4,-7.9,-10.4,-12.9,-15.4
265,38.855,-0.35,-2.85,-5.35,-7.85,-10.35,-12.85,-15.35
266,38.905,-0.5,-3.0,-5.5,-8.0,-10.5,-13.0,-15.5
267,38.955,-0.4,-2.9,-5.4,-7.9,-10.4,-12.9,-15.4
268,39.005,-0.35,-2.85,-5.35,-7.85,-10.35,-12.85,-15.35
269,39.055,-0.35,-2.85,-5.35,-7.85,-10.35,-12.85,-15.35
270,39.105,-0.25,-2.75,-5.25,-7.75,-10.25,-12.75,-15.25
271,39.155,0.2,2.7,5.2,7.7,10.2,12.7,15.2
272,39.205,-0.1,-2.6,-5.1,-7.6,-10.1,-12.6,-15.1
273,39.255,0.05,2.55,5.05,7.55,10.05,12.55,15.05
274,39.305,0.2,2.7,5.2,7.7,10.2,12.7,15.2
275,39.355,0.3,2.8,5.3,7.8,10.3,12.8,15.3
276,39.405,0.3,2.8,5.3,7.8,10.3,12.8,15.3
277,39.455,0.25,2.75,5.25,7.75,10.25,12.75,15.25
278,39.505,0.35,2.85,5.35,7.85,10.35,12.85,15.35
279,39.555,0.3,2.8,5.3,7.8,10.3,12.8,15.3
280,39.605,0.25,2.75,5.25,7.75,10.25,12.75,15.25
281,39.655,0.2,2.7,5.2,7.7,10.2,12.7,15.2
282,39.705,0.4,2.9,5.4,7.9,10.4,12.9,15.4
283,39.755,0.2,2.7,5.2,7.7,10.2,12.7,15.2
284,39.805,0.3,2.8,5.3,7.8,10.3,12.8,15.3
285,39.855,0.3,2.8,5.3,7.8,10.3,12.8,15.3
286,39.905,0.6,3.1,5.6,8.1,10.6,13.1,15.6
287,39.955,0.75,3.25,5.75,8.25,10.75,13.25,15.75
288,40.005,0.7,3.2,5.7,8.2,10.7,13.2,15.7
289,40.055,0.8,3.3,5.8,8.3,10.8,13.3,15.8
290,40.105,0.9,3.4,5.9,8.4,10.9,13.4,15.9
291,40.155,0.95,3.45,5.95,8.45,10.95,13.45,15.95
292,40.205,0.95,3.45,5.95,8.45,10.95,13.45,15.95
293,40.255,1.25,3.75,6.25,8.75,11.25,13.75,16.25
294,40.305,1.4,3.9,6.4,8.9,11.4,13.9,16.4
295,40.355,1.65,4.15,6.65,9.15,11.65,14.15,16.65
296,40.405,1.65,4.15,6.65,9.15,11.65,14.15,16.65
297,40.455,1.65,4.15,6.65,9.15,11.65,14.15,16.65
298,40.505,1.75,4.25,6.75,9.25,11.75,14.25,16.75
299,40.555,1.7,4.2,6.7,9.2,11.7,14.2,16.7
300,40.605,1.85,4.35,6.85,9.35,11.85,14.35,16.85
301,40.655,1.95,4.45,6.95,9.45,11.95,14.45,16.95
302,40.705,1.9,4.4,6.9,9.4,11.9,14.4,16.9
303,40.755,2.0,4.5,7.0,9.5,12.0,14.5,17.0
304,40.805,2.4,4.9,7.4,9.9,12.4,14.9,17.4
305,40.855,2.4,4.9,7.4,9.9,12.4,14.9,17.4
306,40.905,2.65,5.15,7.65,10.15,12.65,15.15,17.65
307,40.955,2.6,5.1,7.6,10.1,12.6,15.1,17.6
308,41.005,2.75,5.25,7.75,10.25,12.75,15.25,17.75
309,41.055,2.8,5.3,7.8,10.3,12.8,15.3,17.8
310,41.105,2.9,5.4,7.9,10.4,12.9,15.4,17.9
311,41.155,3.1,5.6,8.1,10.6,13.1,15.6,18.1
312,41.205,3.65,6.15,8.65,11.15,13.65,16.15,18.65
313,41.255,3.4,5.9,8.4,10.9,13.4,15.9,18.4
314,41.305,3.5,6.0,8.5,11.0,13.5,16.0,18.5
315,41.355,3.55,6.05,8.55,11.05,13.55,16.05,18.55
316,41.405,3.35,5.85,8.35,10.85,13.35,15.85,18.35
317,41.455,3.75,6.25,8.75,11.25,13.75,16.25,18.75
318,41.505,3.45,5.95,8.45,10.95,13.45,15.95,18.45
319,41.555,3.45,5.95,8.45,10.95,13.45,15.95,18.45
320,41.605,2.05,4.55,7.05,9.55,12.05,14.55,17.05
321,41.655,3.1,5.6,8.1,10.6,13.1,15.6,18.1
322,41.705,3.9,6.4,8.9,11.4,13.9,16.4,18.9
323,41.755,2.95,5.45,7.95,10.45,12.95,15.45,17.95
324,41.805,3.0,5.5,8.0,10.5,13.0,15.5,18.0
325,41.855,2.85,5.35,7.85,10.35,12.85,15.35,17.85
326,41.905,2.25,4.75,7.25,9.75,12.25,14.75,17.25
327,41.955,2.4,4.9,7.4,9.9,12.4,14.9,17.4
328,42.005,2.75,5.25,7.75,10.25,12.75,15.25,17.75
329,42.055,2.8,5.3,7.8,10.3,12.8,15.3,17.8
330,42.105,3.0,5.5,8.0,10.5,13.0,15.5,18.0
331,42.155,3.15,5.65,8.15,10.65,13.15,15.65,18.15
332,42.205,3.35,5.85,8.35,10.85,13.35,15.85,18.35
333,42.255,3.3,5.8,8.3,10.8,13.3,15.8,18.3
334,42.305,3.45,5.95,8.45,10.95,13.45,15.95,18.45
335,42.355,3.5,6.0,8.5,11.0,13.5,16.0,18.5
336,42.405,3.15,5.65,8.15,10.65,13.15,15.65,18.15
337,42.455,3.45,5.95,8.45,10.95,13.45,15.95,18.45
338,42.505,3.4,5.9,8.4,10.9,13.4,15.9,18.4
339,42.555,4.15,6.65,9.15,11.65,14.15,16.65,19.15
340,42.605,3.15,5.65,8.15,10.65,13.15,15.65,18.15
341,42.655,3.55,6.05,8.55,11.05,13.55,16.05,18.55
342,42.705,3.55,6.05,8.55,11.05,13.55,16.05,18.55
343,42.755,3.7,6.2,8.7,11.2,13.7,16.2,18.7
344,42.805,3.2,5.7,8.2,10.7,13.2,15.7,18.2
345,42.855,4.0,6.5,9.0,11.5,14.0,16.5,19.0
346,42.905,3.0,5.5,8.0,10.5,13.0,15.5,18.0
347,42.955,3.45,5.95,8.45,10.95,13.45,15.95,18.45
348,43.005,3.1,5.6,8.1,10.6,13.1,15.6,18.1
349,43.055,3.4,5.9,8.4,10.9,13.4,15.9,18.4
350,43.105,2.55,5.05,7.55,10.05,12.55,15.05,17.55
351,43.155,2.95,5.45,7.95,10.45,12.95,15.45,17.95
352,43.205,4.05,6.55,9.05,11.55,14.05,16.55,19.05
353,43.255,4.5,7.0,9.5,12.0,14.5,17.0,19.5
354,43.305,4.6,7.1,9.6,12.1,14.6,17.1,19.6
355,43.355,4.15,6.65,9.15,11.65,14.15,16.65,19.15
356,43.405,3.25,5.75,8.25,10.75,13.25,15.75,18.25
357,43.455,4.1,6.6,9.1,11.6,14.1,16.6,19.1
358,43.505,2.85,5.35,7.85,10.35,12.85,15.35,17.85
359,43.555,2.85,5.35,7.85,10.35,12.85,15.35,17.85
360,43.605,2.9,5.4,7.9,10.4,12.9,15.4,17.9
361,43.655,2.85,5.35,7.85,10.35,12.85,15.35,17.85
362,43.705,2.75,5.25,7.75,10.25,12.75,15.25,17.75
363,43.755,2.6,5.1,7.6,10.1,12.6,15.1,17.6
364,43.805,2.6,5.1,7.6,10.1,12.6,15.1,17.6
365,43.855,2.45,4.95,7.45,9.95,12.45,14.95,17.45
366,43.905,2.2,4.7,7.2,9.7,12.2,14.7,17.2
367,43.955,2.25,4.75,7.25,9.75,12.25,14.75,17.25
368,44.005,2.15,4.65,7.15,9.65,12.15,14.65,17.15
369,44.055,2.2,4.7,7.2,9.7,12.2,14.7,17.2
370,44.105,2.1,4.6,7.1,9.6,12.1,14.6,17.1
371,44.155,2.2,4.7,7.2,9.7,12.2,14.7,17.2
372,44.205,2.3,4.8,7.3,9.8,12.3,14.8,17.3
373,44.255,2.3,4.8,7.3,9.8,12.3,14.8,17.3
374,44.305,2.45,4.95,7.45,9.95,12.45,14.95,17.45
375,44.355,2.35,4.85,7.35,9.85,12.35,14.85,17.35
376,44.405,2.45,4.95,7.45,9.95,12.45,14.95,17.45
377,44.455,2.45,4.95,7.45,9.95,12.45,14.95,17.45
378,44.505,2.4,4.9,7.4,9.9,12.4,14.9,17.4
379,44.555,2.45,4.95,7.45,9.95,12.45,14.95,17.45
380,44.605,2.45,4.95,7.45,9.95,12.45,14.95,17.45
381,44.655,2.6,5.1,7.6,10.1,12.6,15.1,17.6
382,44.705,2.65,5.15,7.65,10.15,12.65,15.15,17.65
383,44.755,2.55,5.05,7.55,10.05,12.55,15.05,17.55
384,44.805,2.6,5.1,7.6,10.1,12.6,15.1,17.6
385,44.855,2.45,4.95,7.45,9.95,12.45,14.95,17.45
386,44.905,2.3,4.8,7.3,9.8,12.3,14.8,17.3
387,44.955,2.3,4.8,7.3,9.8,12.3,14.8,17.3
388,45.005,1.9,4.4,6.9,9.4,11.9,14.4,16.9
389,45.055,1.85,4.35,6.85,9.35,11.85,14.35,16.85
390,45.105,1.8,4.3,6.8,9.3,11.8,14.3,16.8
391,45.155,1.85,4.35,6.85,9.35,11.85,14.35,16.85
392,45.205,1.75,4.25,6.75,9.25,11.75,14.25,16.75
393,45.255,1.85,4.35,6.85,9.35,11.85,14.35,16.85
394,45.305,1.65,4.15,6.65,9.15,11.65,14.15,16.65
395,45.355,1.5,4.0,6.5,9.0,11.5,14.0,16.5
396,45.405,1.25,3.75,6.25,8.75,11.25,13.75,16.25
397,45.455,1.1,3.6,6.1,8.6,11.1,13.6,16.1
398,45.505,1.05,3.55,6.05,8.55,11.05,13.55,16.05
399,45.555,1.15,3.65,6.15,8.65,11.15,13.65,16.15
400,45.605,1.1,3.6,6.1,8.6,11.1,13.6,16.1
401,45.655,1.15,3.65,6.15,8.65,11.15,13.65,16.15
402,45.705,1.15,3.65,6.15,8.65,11.15,13.65,16.15
403,45.755,1.2,3.7,6.2,8.7,11.2,13.7,16.2
404,45.805,1.3,3.8,6.3,8.8,11.3,13.8,16.3
405,45.855,1.25,3.75,6.25,8.75,11.25,13.75,16.25
406,45.905,1.35,3.85,6.35,8.85,11.35,13.85,16.35
407,45.955,1.2,3.7,6.2,8.7,11.2,13.7,16.2
408,46.005,1.2,3.7,6.2,8.7,11.2,13.7,16.2
409,46.055,1.1,3.6,6.1,8.6,11.1,13.6,16.1
410,46.105,1.2,3.7,6.2,8.7,11.2,13.7,16.2
411,46.155,1.2,3.7,6.2,8.7,11.2,13.7,16.2
412,46.205,1.35,3.85,6.35,8.85,11.35,13.85,16.35
413,46.255,1.3,3.8,6.3,8.8,11.3,13.8,16.3
414,46.305,1.35,3.85,6.35,8.85,11.35,13.85,16.35
415,46.355,1.5,4.0,6.5,9.0,11.5,14.0,16.5
416,46.405,1.5,4.0,6.5,9.0,11.5,14.0,16.5
417,46.455,1.45,3.95,6.45,8.95,11.45,13.95,16.45
418,46.505,1.35,3.85,6.35,8.85,11.35,13.85,16.35
419,46.555,1.15,3.65,6.15,8.65,11.15,13.65,16.15
420,46.605,1.1,3.6,6.1,8.6,11.1,13.6,16.1
421,46.655,0.95,3.45,5.95,8.45,10.95,13.45,15.95
422,46.705,0.85,3.35,5.85,8.35,10.85,13.35,15.85
423,46.755,0.8,3.3,5.8,8.3,10.8,13.3,15.8
424,46.805,0.75,3.25,5.75,8.25,10.75,13.25,15.75
425,46.855,0.8,3.3,5.8,8.3,10.8,13.3,15.8
426,46.905,0.75,3.25,5.75,8.25,10.75,13.25,15.75
427,46.955,0.65,3.15,5.65,8.15,10.65,13.15,15.65
428,47.005,0.65,3.15,5.65,8.15,10.65,13.15,15.65
429,47.055,0.65,3.15,5.65,8.15,10.65,13.15,15.65
430,47.105,0.55,3.05,5.55,8.05,10.55,13.05,15.55
431,47.155,0.45,2.95,5.45,7.95,10.45,12.95,15.45
432,47.205,0.45,2.95,5.45,7.95,10.45,12.95,15.45
433,47.255,0.35,2.85,5.35,7.85,10.35,12.85,15.35
434,47.305,0.25,2.75,5.25,7.75,10.25,12.75,15.25
435,47.355,0.05,2.55,5.05,7.55,10.05,12.55,15.05
436,47.405,0.0,0.0,0.0,0.0,0.0,0.0,0.0
437,47.455,-0.15,-2.65,-5.15,-7.65,-10.15,-12.65,-15.15
438,47.505,-0.2,-2.7,-5.2,-7.7,-10.2,-12.7,-15.2
439,47.555,-0.25,-2.75,-5.25,-7.75,-10.25,-12.75,-15.25
440,47.605,-0.4,-2.9,-5.4,-7.9,-10.4,-12.9,-15.4
441,47.655,-0.35,-2.85,-5.35,-7.85,-10.35,-12.85,-15.35
442,47.705,-0.45,-2.95,-5.45,-7.95,-10.45,-12.95,-15.45
443,47.755,-0.45,-2.95,-5.45,-7.95,-10.45,-12.95,-15.45
444,47.805,-0.45,-2.95,-5.45,-7.95,-10.45,-12.95,-15.45
445,47.855,-0.4,-2.9,-5.4,-7.9,-10.4,-12.9,-15.4
446,47.905,-0.25,-2.75,-5.25,-7.75,-10.25,-12.75,-15.25
447,47.955,-0.2,-2.7,-5.2,-7.7,-10.2,-12.7,-15.2
448,48.005,0.3,2.8,5.3,7.8,10.3,12.8,15.3
449,48.055,0.0,0.0,0.0,0.0,0.0,0.0,0.0
450,48.105,0.05,2.55,5.05,7.55,10.05,12.55,15.05
451,48.155,0.2,2.7,5.2,7.7,10.2,12.7,15.2
452,48.205,0.3,2.8,5.3,7.8,10.3,12.8,15.3
453,48.255,0.35,2.85,5.35,7.85,10.35,12.85,15.35
454,48.305,0.15,2.65,5.15,7.65,10.15,12.65,15.15
455,48.355,0.3,2.8,5.3,7.8,10.3,12.8,15.3
456,48.405,0.25,2.75,5.25,7.75,10.25,12.75,15.25
457,48.455,0.3,2.8,5.3,7.8,10.3,12.8,15.3
458,48.505,0.25,2.75,5.25,7.75,10.25,12.75,15.25
459,48.555,0.4,2.9,5.4,7.9,10.4,12.9,15.4
460,48.605,0.15,2.65,5.15,7.65,10.15,12.65,15.15
461,48.655,0.3,2.8,5.3,7.8,10.3,12.8,15.3
462,48.705,0.25,2.75,5.25,7.75,10.25,12.75,15.25
463,48.755,0.45,2.95,5.45,7.95,10.45,12.95,15.45
464,48.805,0.75,3.25,5.75,8.25,10.75,13.25,15.75
465,48.855,0.75,3.25,5.75,8.25,10.75,13.25,15.75
466,48.905,0.75,3.25,5.75,8.25,10.75,13.25,15.75
467,48.955,0.9,3.4,5.9,8.4,10.9,13.4,15.9
468,49.005,1.05,3.55,6.05,8.55,11.05,13.55,16.05
469,49.055,1.0,3.5,6.0,8.5,11.0,13.5,16.0
470,49.105,1.15,3.65,6.15,8.65,11.15,13.65,16.15
471,49.155,1.45,3.95,6.45,8.95,11.45,13.95,16.45
472,49.205,1.5,4.0,6.5,9.0,11.5,14.0,16.5
473,49.255,1.45,3.95,6.45,8.95,11.45,13.95,16.45
474,49.305,1.65,4.15,6.65,9.15,11.65,14.15,16.65
475,49.355,1.7,4.2,6.7,9.2,11.7,14.2,16.7
476,49.405,1.65,4.15,6.65,9.15,11.65,14.15,16.65
477,49.455,1.8,4.3,6.8,9.3,11.8,14.3,16.8
478,49.505,1.95,4.45,6.95,9.45,11.95,14.45,16.95
479,49.555,1.85,4.35,6.85,9.35,11.85,14.35,16.85
480,49.605,2.1,4.6,7.1,9.6,12.1,14.6,17.1
481,49.655,2.35,4.85,7.35,9.85,12.35,14.85,17.35
482,49.705,2.4,4.9,7.4,9.9,12.4,14.9,17.4
483,49.755,2.65,5.15,7.65,10.15,12.65,15.15,17.65
484,49.805,2.75,5.25,7.75,10.25,12.75,15.25,17.75
485,49.855,2.7,5.2,7.7,10.2,12.7,15.2,17.7
486,49.905,2.75,5.25,7.75,10.25,12.75,15.25,17.75
487,49.955,2.95,5.45,7.95,10.45,12.95,15.45,17.95
488,50.005,3.1,5.6,8.1,10.6,13.1,15.6,18.1
489,50.055,3.35,5.85,8.35,10.85,13.35,15.85,18.35
490,50.105,3.45,5.95,8.45,10.95,13.45,15.95,18.45
491,50.155,3.55,6.05,8.55,11.05,13.55,16.05,18.55
492,50.205,3.45,5.95,8.45,10.95,13.45,15.95,18.45
493,50.255,3.4,5.9,8.4,10.9,13.4,15.9,18.4
494,50.305,4.0,6.5,9.0,11.5,14.0,16.5,19.0
495,50.355,3.85,6.35,8.85,11.35,13.85,16.35,18.85
496,50.405,3.3,5.8,8.3,10.8,13.3,15.8,18.3
497,50.455,2.0,4.5,7.0,9.5,12.0,14.5,17.0
498,50.505,2.8,5.3,7.8,10.3,12.8,15.3,17.8
499,50.555,3.8,6.3,8.8,11.3,13.8,16.3,18.8
500,50.605,2.9,5.4,7.9,10.4,12.9,15.4,17.9
501,50.655,3.15,5.65,8.15,10.65,13.15,15.65,18.15
502,50.705,2.75,5.25,7.75,10.25,12.75,15.25,17.75
503,50.755,2.1,4.6,7.1,9.6,12.1,14.6,17.1
504,50.805,2.35,4.85,7.35,9.85,12.35,14.85,17.35
505,50.855,2.7,5.2,7.7,10.2,12.7,15.2,17.7
506,50.905,2.85,5.35,7.85,10.35,12.85,15.35,17.85
507,50.955,3.2,5.7,8.2,10.7,13.2,15.7,18.2
508,51.005,3.25,5.75,8.25,10.75,13.25,15.75,18.25
509,51.055,3.45,5.95,8.45,10.95,13.45,15.95,18.45
510,51.105,3.4,5.9,8.4,10.9,13.4,15.9,18.4
511,51.155,3.35,5.85,8.35,10.85,13.35,15.85,18.35
512,51.205,3.4,5.9,8.4,10.9,13.4,15.9,18.4
513,51.255,3.15,5.65,8.15,10.65,13.15,15.65,18.15
514,51.305,3.4,5.9,8.4,10.9,13.4,15.9,18.4
515,51.355,3.45,5.95,8.45,10.95,13.45,15.95,18.45
516,51.405,4.1,6.6,9.1,11.6,14.1,16.6,19.1
517,51.455,3.15,5.65,8.15,10.65,13.15,15.65,18.15
518,51.505,3.55,6.05,8.55,11.05,13.55,16.05,18.55
519,51.555,3.55,6.05,8.55,11.05,13.55,16.05,18.55
520,51.605,3.35,5.85,8.35,10.85,13.35,15.85,18.35
521,51.655,3.15,5.65,8.15,10.65,13.15,15.65,18.15
522,51.705,3.85,6.35,8.85,11.35,13.85,16.35,18.85
523,51.755,3.0,5.5,8.0,10.5,13.0,15.5,18.0
524,51.805,3.35,5.85,8.35,10.85,13.35,15.85,18.35
525,51.855,3.15,5.65,8.15,10.65,13.15,15.65,18.15
526,51.905,3.15,5.65,8.15,10.65,13.15,15.65,18.15
527,51.955,2.6,5.1,7.6,10.1,12.6,15.1,17.6
528,52.005,2.9,5.4,7.9,10.4,12.9,15.4,17.9
529,52.055,4.05,6.55,9.05,11.55,14.05,16.55,19.05
530,52.105,4.5,7.0,9.5,12.0,14.5,17.0,19.5
531,52.155,4.5,7.0,9.5,12.0,14.5,17.0,19.5
532,52.205,4.25,6.75,9.25,11.75,14.25,16.75,19.25
533,52.255,3.65,6.15,8.65,11.15,13.65,16.15,18.65
534,52.305,3.05,5.55,8.05,10.55,13.05,15.55,18.05
535,52.355,3.0,5.5,8.0,10.5,13.0,15.5,18.0
536,52.405,2.8,5.3,7.8,10.3,12.8,15.3,17.8
537,52.455,3.1,5.6,8.1,10.6,13.1,15.6,18.1
538,52.505,3.8,6.3,8.8,11.3,13.8,16.3,18.8
539,52.555,3.4,5.9,8.4,10.9,13.4,15.9,18.4
540,52.605,3.25,5.75,8.25,10.75,13.25,15.75,18.25
541,52.655,3.35,5.85,8.35,10.85,13.35,15.85,18.35
542,52.705,2.9,5.4,7.9,10.4,12.9,15.4,17.9
543,52.755,3.35,5.85,8.35,10.85,13.35,15.85,18.35
544,52.805,3.15,5.65,8.15,10.65,13.15,15.65,18.15
545,52.855,3.6,6.1,8.6,11.1,13.6,16.1,18.6
546,52.905,2.4,4.9,7.4,9.9,12.4,14.9,17.4
547,52.955,3.65,6.15,8.65,11.15,13.65,16.15,18.65
548,53.005,4.05,6.55,9.05,11.55,14.05,16.55,19.05
549,53.055,4.1,6.6,9.1,11.6,14.1,16.6,19.1
550,53.105,3.1,5.6,8.1,10.6,13.1,15.6,18.1
551,53.155,2.9,5.4,7.9,10.4,12.9,15.4,17.9
552,53.205,2.8,5.3,7.8,10.3,12.8,15.3,17.8
553,53.255,3.05,5.55,8.05,10.55,13.05,15.55,18.05
554,53.305,2.95,5.45,7.95,10.45,12.95,15.45,17.95
555,53.355,3.8,6.3,8.8,11.3,13.8,16.3,18.8
556,53.405,2.75,5.25,7.75,10.25,12.75,15.25,17.75
557,53.455,2.9,5.4,7.9,10.4,12.9,15.4,17.9
558,53.505,2.75,5.25,7.75,10.25,12.75,15.25,17.75
559,53.555,3.65,6.15,8.65,11.15,13.65,16.15,18.65
560,53.605,3.75,6.25,8.75,11.25,13.75,16.25,18.75
561,53.655,4.05,6.55,9.05,11.55,14.05,16.55,19.05
562,53.705,2.9,5.4,7.9,10.4,12.9,15.4,17.9
563,53.755,2.85,5.35,7.85,10.35,12.85,15.35,17.85
564,53.805,2.9,5.4,7.9,10.4,12.9,15.4,17.9
565,53.855,2.85,5.35,7.85,10.35,12.85,15.35,17.85
566,53.905,2.75,5.25,7.75,10.25,12.75,15.25,17.75
567,53.955,2.65,5.15,7.65,10.15,12.65,15.15,17.65
568,54.005,2.55,5.05,7.55,10.05,12.55,15.05,17.55
569,54.055,2.45,4.95,7.45,9.95,12.45,14.95,17.45
570,54.105,2.25,4.75,7.25,9.75,12.25,14.75,17.25
571,54.155,2.25,4.75,7.25,9.75,12.25,14.75,17.25
572,54.205,2.15,4.65,7.15,9.65,12.15,14.65,17.15
573,54.255,2.15,4.65,7.15,9.65,12.15,14.65,17.15
574,54.305,2.2,4.7,7.2,9.7,12.2,14.7,17.2
575,54.355,2.25,4.75,7.25,9.75,12.25,14.75,17.25
576,54.405,2.3,4.8,7.3,9.8,12.3,14.8,17.3
577,54.455,2.35,4.85,7.35,9.85,12.35,14.85,17.35
578,54.505,2.4,4.9,7.4,9.9,12.4,14.9,17.4
579,54.555,2.35,4.85,7.35,9.85,12.35,14.85,17.35
580,54.605,2.3,4.8,7.3,9.8,12.3,14.8,17.3
581,54.655,2.4,4.9,7.4,9.9,12.4,14.9,17.4
582,54.705,2.3,4.8,7.3,9.8,12.3,14.8,17.3
583,54.755,2.5,5.0,7.5,10.0,12.5,15.0,17.5
584,54.805,2.45,4.95,7.45,9.95,12.45,14.95,17.45
585,54.855,2.5,5.0,7.5,10.0,12.5,15.0,17.5
586,54.905,2.45,4.95,7.45,9.95,12.45,14.95,17.45
587,54.955,2.3,4.8,7.3,9.8,12.3,14.8,17.3
588,55.005,2.35,4.85,7.35,9.85,12.35,14.85,17.35
589,55.055,2.15,4.65,7.15,9.65,12.15,14.65,17.15
590,55.105,1.95,4.45,6.95,9.45,11.95,14.45,16.95
591,55.155,1.9,4.4,6.9,9.4,11.9,14.4,16.9
592,55.205,1.8,4.3,6.8,9.3,11.8,14.3,16.8
593,55.255,1.65,4.15,6.65,9.15,11.65,14.15,16.65
594,55.305,1.5,4.0,6.5,9.0,11.5,14.0,16.5
595,55.355,1.55,4.05,6.55,9.05,11.55,14.05,16.55
596,55.405,1.5,4.0,6.5,9.0,11.5,14.0,16.5
597,55.455,1.5,4.0,6.5,9.0,11.5,14.0,16.5
598,55.505,1.3,3.8,6.3,8.8,11.3,13.8,16.3
599,55.555,1.15,3.65,6.15,8.65,11.15,13.65,16.15
600,55.605,0.75,3.25,5.75,8.25,10.75,13.25,15.75
601,55.655,0.8,3.3,5.8,8.3,10.8,13.3,15.8
602,55.705,0.8,3.3,5.8,8.3,10.8,13.3,15.8
603,55.755,0.8,3.3,5.8,8.3,10.8,13.3,15.8
604,55.805,0.85,3.35,5.85,8.35,10.85,13.35,15.85
605,55.855,0.95,3.45,5.95,8.45,10.95,13.45,15.95
606,55.905,0.95,3.45,5.95,8.45,10.95,13.45,15.95
607,55.955,1.0,3.5,6.0,8.5,11.0,13.5,16.0
608,56.005,1.1,3.6,6.1,8.6,11.1,13.6,16.1
609,56.055,1.0,3.5,6.0,8.5,11.0,13.5,16.0
610,56.105,1.1,3.6,6.1,8.6,11.1,13.6,16.1
611,56.155,0.9,3.4,5.9,8.4,10.9,13.4,15.9
612,56.205,0.85,3.35,5.85,8.35,10.85,13.35,15.85
613,56.255,0.9,3.4,5.9,8.4,10.9,13.4,15.9
614,56.305,0.95,3.45,5.95,8.45,10.95,13.45,15.95
615,56.355,1.0,3.5,6.0,8.5,11.0,13.5,16.0
616,56.405,1.1,3.6,6.1,8.6,11.1,13.6,16.1
617,56.455,1.1,3.6,6.1,8.6,11.1,13.6,16.1
618,56.505,1.2,3.7,6.2,8.7,11.2,13.7,16.2
619,56.555,1.35,3.85,6.35,8.85,11.35,13.85,16.35
620,56.605,1.4,3.9,6.4,8.9,11.4,13.9,16.4
621,56.655,1.25,3.75,6.25,8.75,11.25,13.75,16.25
622,56.705,1.05,3.55,6.05,8.55,11.05,13.55,16.05
623,56.755,0.9,3.4,5.9,8.4,10.9,13.4,15.9
624,56.805,0.75,3.25,5.75,8.25,10.75,13.25,15.75
625,56.855,0.7,3.2,5.7,8.2,10.7,13.2,15.7
626,56.905,0.6,3.1,5.6,8.1,10.6,13.1,15.6
627,56.955,0.55,3.05,5.55,8.05,10.55,13.05,15.55
628,57.005,0.55,3.05,5.55,8.05,10.55,13.05,15.55
629,57.055,0.55,3.05,5.55,8.05,10.55,13.05,15.55
630,57.105,0.55,3.05,5.55,8.05,10.55,13.05,15.55
631,57.155,0.5,3.0,5.5,8.0,10.5,13.0,15.5
632,57.205,0.45,2.95,5.45,7.95,10.45,12.95,15.45
633,57.255,0.45,2.95,5.45,7.95,10.45,12.95,15.45
634,57.305,0.35,2.85,5.35,7.85,10.35,12.85,15.35
635,57.355,0.35,2.85,5.35,7.85,10.35,12.85,15.35
636,57.405,0.3,2.8,5.3,7.8,10.3,12.8,15.3
637,57.455,0.25,2.75,5.25,7.75,10.25,12.75,15.25
638,57.505,0.05,2.55,5.05,7.55,10.05,12.55,15.05
639,57.555,-0.05,-2.55,-5.05,-7.55,-10.05,-12.55,-15.05
640,57.605,-0.15,-2.65,-5.15,-7.65,-10.15,-12.65,-15.15
641,57.655,-0.25,-2.75,-5.25,-7.75,-10.25,-12.75,-15.25
642,57.705,-0.25,-2.75,-5.25,-7.75,-10.25,-12.75,-15.25
643,57.755,-0.35,-2.85,-5.35,-7.85,-10.35,-12.85,-15.35
644,57.805,-0.4,-2.9,-5.4,-7.9,-10.4,-12.9,-15.4
645,57.855,-0.4,-2.9,-5.4,-7.9,-10.4,-12.9,-15.4
646,57.905,-0.45,-2.95,-5.45,-7.95,-10.45,-12.95,-15.45
647,57.955,-0.45,-2.95,-5.45,-7.95,-10.45,-12.95,-15.45
648,58.005,-0.4,-2.9,-5.4,-7.9,-10.4,-12.9,-15.4
649,58.055,-0.45,-2.95,-5.45,-7.95,-10.45,-12.95,-15.45
650,58.105,-0.3,-2.8,-5.3,-7.8,-10.3,-12.8,-15.3
651,58.155,-0.3,-2.8,-5.3,-7.8,-10.3,-12.8,-15.3
652,58.205,0.2,2.7,5.2,7.7,10.2,12.7,15.2
653,58.255,0.0,0.0,0.0,0.0,0.0,0.0,0.0
654,58.305,0.05,2.55,5.05,7.55,10.05,12.55,15.05
655,58.355,0.15,2.65,5.15,7.65,10.15,12.65,15.15
656,58.405,0.35,2.85,5.35,7.85,10.35,12.85,15.35
657,58.455,0.3,2.8,5.3,7.8,10.3,12.8,15.3
658,58.505,0.25,2.75,5.25,7.75,10.25,12.75,15.25
659,58.555,0.35,2.85,5.35,7.85,10.35,12.85,15.35
660,58.605,0.25,2.75,5.25,7.75,10.25,12.75,15.25
661,58.655,0.3,2.8,5.3,7.8,10.3,12.8,15.3
662,58.705,0.25,2.75,5.25,7.75,10.25,12.75,15.25
663,58.755,0.35,2.85,5.35,7.85,10.35,12.85,15.35
664,58.805,0.2,2.7,5.2,7.7,10.2,12.7,15.2
665,58.855,0.3,2.8,5.3,7.8,10.3,12.8,15.3
666,58.905,0.4,2.9,5.4,7.9,10.4,12.9,15.4
667,58.955,0.65,3.15,5.65,8.15,10.65,13.15,15.65
668,59.005,0.7,3.2,5.7,8.2,10.7,13.2,15.7
669,59.055,0.75,3.25,5.75,8.25,10.75,13.25,15.75
670,59.105,0.85,3.35,5.85,8.35,10.85,13.35,15.85
671,59.155,0.95,3.45,5.95,8.45,10.95,13.45,15.95
672,59.205,1.0,3.5,6.0,8.5,11.0,13.5,16.0
673,59.255,1.05,3.55,6.05,8.55,11.05,13.55,16.05
674,59.305,1.3,3.8,6.3,8.8,11.3,13.8,16.3
675,59.355,1.45,3.95,6.45,8.95,11.45,13.95,16.45
676,59.405,1.65,4.15,6.65,9.15,11.65,14.15,16.65
677,59.455,1.85,4.35,6.85,9.35,11.85,14.35,16.85
678,59.505,1.65,4.15,6.65,9.15,11.65,14.15,16.65
679,59.555,1.75,4.25,6.75,9.25,11.75,14.25,16.75
680,59.605,1.75,4.25,6.75,9.25,11.75,14.25,16.75
681,59.655,1.95,4.45,6.95,9.45,11.95,14.45,16.95
682,59.705,2.0,4.5,7.0,9.5,12.0,14.5,17.0
683,59.755,2.0,4.5,7.0,9.5,12.0,14.5,17.0
684,59.805,2.05,4.55,7.05,9.55,12.05,14.55,17.05
685,59.855,2.3,4.8,7.3,9.8,12.3,14.8,17.3
686,59.905,2.55,5.05,7.55,10.05,12.55,15.05,17.55
687,59.955,2.65,5.15,7.65,10.15,12.65,15.15,17.65
688,60.005,2.65,5.15,7.65,10.15,12.65,15.15,17.65
689,60.055,2.75,5.25,7.75,10.25,12.75,15.25,17.75
690,60.105,2.85,5.35,7.85,10.35,12.85,15.35,17.85
691,60.155,3.0,5.5,8.0,10.5,13.0,15.5,18.0
692,60.205,3.1,5.6,8.1,10.6,13.1,15.6,18.1
693,60.255,3.65,6.15,8.65,11.15,13.65,16.15,18.65
694,60.305,3.45,5.95,8.45,10.95,13.45,15.95,18.45
695,60.355,3.6,6.1,8.6,11.1,13.6,16.1,18.6
696,60.405,3.6,6.1,8.6,11.1,13.6,16.1,18.6
697,60.455,3.45,5.95,8.45,10.95,13.45,15.95,18.45
698,60.505,3.95,6.45,8.95,11.45,13.95,16.45,18.95
699,60.555,3.45,5.95,8.45,10.95,13.45,15.95,18.45
700,60.605,3.3,5.8,8.3,10.8,13.3,15.8,18.3
701,60.655,2.3,4.8,7.3,9.8,12.3,14.8,17.3
702,60.705,3.35,5.85,8.35,10.85,13.35,15.85,18.35
703,60.755,4.0,6.5,9.0,11.5,14.0,16.5,19.0
704,60.805,3.0,5.5,8.0,10.5,13.0,15.5,18.0
705,60.855,3.0,5.5,8.0,10.5,13.0,15.5,18.0
706,60.905,2.85,5.35,7.85,10.35,12.85,15.35,17.85
707,60.955,2.4,4.9,7.4,9.9,12.4,14.9,17.4
708,61.005,2.4,4.9,7.4,9.9,12.4,14.9,17.4
709,61.055,2.85,5.35,7.85,10.35,12.85,15.35,17.85
710,61.105,2.85,5.35,7.85,10.35,12.85,15.35,17.85
711,61.155,3.0,5.5,8.0,10.5,13.0,15.5,18.0
712,61.205,3.15,5.65,8.15,10.65,13.15,15.65,18.15
713,61.255,3.35,5.85,8.35,10.85,13.35,15.85,18.35
714,61.305,3.3,5.8,8.3,10.8,13.3,15.8,18.3
715,61.355,3.4,5.9,8.4,10.9,13.4,15.9,18.4
716,61.405,3.45,5.95,8.45,10.95,13.45,15.95,18.45
717,61.455,3.25,5.75,8.25,10.75,13.25,15.75,18.25
718,61.505,3.55,6.05,8.55,11.05,13.55,16.05,18.55
719,61.555,3.45,5.95,8.45,10.95,13.45,15.95,18.45
720,61.605,4.15,6.65,9.15,11.65,14.15,16.65,19.15
721,61.655,3.15,5.65,8.15,10.65,13.15,15.65,18.15
722,61.705,3.6,6.1,8.6,11.1,13.6,16.1,18.6
723,61.755,3.5,6.0,8.5,11.0,13.5,16.0,18.5
724,61.805,3.65,6.15,8.65,11.15,13.65,16.15,18.65
725,61.855,3.05,5.55,8.05,10.55,13.05,15.55,18.05
726,61.905,4.1,6.6,9.1,11.6,14.1,16.6,19.1
727,61.955,3.0,5.5,8.0,10.5,13.0,15.5,18.0
728,62.005,3.5,6.0,8.5,11.0,13.5,16.0,18.5
729,62.055,3.15,5.65,8.15,10.65,13.15,15.65,18.15
730,62.105,3.45,5.95,8.45,10.95,13.45,15.95,18.45
731,62.155,2.75,5.25,7.75,10.25,12.75,15.25,17.75
732,62.205,2.95,5.45,7.95,10.45,12.95,15.45,17.95
733,62.255,4.0,6.5,9.0,11.5,14.0,16.5,19.0
734,62.305,4.55,7.05,9.55,12.05,14.55,17.05,19.55
735,62.355,4.5,7.0,9.5,12.0,14.5,17.0,19.5
736,62.405,4.3,6.8,9.3,11.8,14.3,16.8,19.3
737,62.455,3.45,5.95,8.45,10.95,13.45,15.95,18.45
738,62.505,2.9,5.4,7.9,10.4,12.9,15.4,17.9
739,62.555,2.9,5.4,7.9,10.4,12.9,15.4,17.9
740,62.605,2.95,5.45,7.95,10.45,12.95,15.45,17.95
741,62.655,3.1,5.6,8.1,10.6,13.1,15.6,18.1
742,62.705,3.8,6.3,8.8,11.3,13.8,16.3,18.8
743,62.755,3.4,5.9,8.4,10.9,13.4,15.9,18.4
744,62.805,3.35,5.85,8.35,10.85,13.35,15.85,18.35
745,62.855,3.35,5.85,8.35,10.85,13.35,15.85,18.35
746,62.905,3.1,5.6,8.1,10.6,13.1,15.6,18.1
747,62.955,3.45,5.95,8.45,10.95,13.45,15.95,18.45
748,63.005,3.1,5.6,8.1,10.6,13.1,15.6,18.1
749,63.055,3.75,6.25,8.75,11.25,13.75,16.25,18.75
750,63.105,2.5,5.0,7.5,10.0,12.5,15.0,17.5
751,63.155,4.15,6.65,9.15,11.65,14.15,16.65,19.15
752,63.205,4.3,6.8,9.3,11.8,14.3,16.8,19.3
753,63.255,4.1,6.6,9.1,11.6,14.1,16.6,19.1
754,63.305,3.3,5.8,8.3,10.8,13.3,15.8,18.3
755,63.355,3.1,5.6,8.1,10.6,13.1,15.6,18.1
756,63.405,2.8,5.3,7.8,10.3,12.8,15.3,17.8
757,63.455,3.2,5.7,8.2,10.7,13.2,15.7,18.2
758,63.505,3.05,5.55,8.05,10.55,13.05,15.55,18.05
759,63.555,3.85,6.35,8.85,11.35,13.85,16.35,18.85
760,63.605,2.8,5.3,7.8,10.3,12.8,15.3,17.8
761,63.655,2.9,5.4,7.9,10.4,12.9,15.4,17.9
762,63.705,2.85,5.35,7.85,10.35,12.85,15.35,17.85
763,63.755,3.7,6.2,8.7,11.2,13.7,16.2,18.7
764,63.805,3.75,6.25,8.75,11.25,13.75,16.25,18.75
765,63.855,3.05,5.55,8.05,10.55,13.05,15.55,18.05
766,63.905,3.15,5.65,8.15,10.65,13.15,15.65,18.15
767,63.955,2.55,5.05,7.55,10.05,12.55,15.05,17.55
768,64.005,2.8,5.3,7.8,10.3,12.8,15.3,17.8
769,64.055,2.8,5.3,7.8,10.3,12.8,15.3,17.8
770,64.105,3.0,5.5,8.0,10.5,13.0,15.5,18.0
771,64.155,2.15,4.65,7.15,9.65,12.15,14.65,17.15
772,64.205,2.05,4.55,7.05,9.55,12.05,14.55,17.05
773,64.255,2.1,4.6,7.1,9.6,12.1,14.6,17.1
774,64.305,2.7,5.2,7.7,10.2,12.7,15.2,17.7
775,64.355,2.8,5.3,7.8,10.3,12.8,15.3,17.8
776,64.405,2.65,5.15,7.65,10.15,12.65,15.15,17.65
777,64.455,2.5,5.0,7.5,10.0,12.5,15.0,17.5
778,64.505,2.05,4.55,7.05,9.55,12.05,14.55,17.05
779,64.555,1.95,4.45,6.95,9.45,11.95,14.45,16.95
780,64.605,1.9,4.4,6.9,9.4,11.9,14.4,16.9
781,64.655,1.75,4.25,6.75,9.25,11.75,14.25,16.75
782,64.705,1.9,4.4,6.9,9.4,11.9,14.4,16.9
783,64.755,1.6,4.1,6.6,9.1,11.6,14.1,16.6
784,64.805,1.65,4.15,6.65,9.15,11.65,14.15,16.65
785,64.855,1.25,3.75,6.25,8.75,11.25,13.75,16.25
786,64.905,1.7,4.2,6.7,9.2,11.7,14.2,16.7
787,64.955,1.8,4.3,6.8,9.3,11.8,14.3,16.8
788,65.005,2.15,4.65,7.15,9.65,12.15,14.65,17.15
789,65.055,2.8,5.3,7.8,10.3,12.8,15.3,17.8
790,65.105,2.8,5.3,7.8,10.3,12.8,15.3,17.8
791,65.155,2.6,5.1,7.6,10.1,12.6,15.1,17.6
792,65.205,2.05,4.55,7.05,9.55,12.05,14.55,17.05
793,65.255,2.15,4.65,7.15,9.65,12.15,14.65,17.15
794,65.305,1.85,4.35,6.85,9.35,11.85,14.35,16.85
795,65.355,2.05,4.55,7.05,9.55,12.05,14.55,17.05
796,65.405,1.85,4.35,6.85,9.35,11.85,14.35,16.85
797,65.455,2.1,4.6,7.1,9.6,12.1,14.6,17.1
798,65.505,2.35,4.85,7.35,9.85,12.35,14.85,17.35
799,65.555,2.4,4.9,7.4,9.9,12.4,14.9,17.4
800,65.605,2.7,5.2,7.7,10.2,12.7,15.2,17.7
801,65.655,2.3,4.8,7.3,9.8,12.3,14.8,17.3
802,65.705,2.95,5.45,7.95,10.45,12.95,15.45,17.95
803,65.755,2.7,5.2,7.7,10.2,12.7,15.2,17.7
804,65.805,2.8,5.3,7.8,10.3,12.8,15.3,17.8
805,65.855,2.7,5.2,7.7,10.2,12.7,15.2,17.7
806,65.905,2.55,5.05,7.55,10.05,12.55,15.05,17.55
807,65.955,2.4,4.9,7.4,9.9,12.4,14.9,17.4
808,66.005,2.75,5.25,7.75,10.25,12.75,15.25,17.75
809,66.055,2.8,5.3,7.8,10.3,12.8,15.3,17.8
810,66.105,2.7,5.2,7.7,10.2,12.7,15.2,17.7
811,66.155,2.4,4.9,7.4,9.9,12.4,14.9,17.4
812,66.205,2.3,4.8,7.3,9.8,12.3,14.8,17.3
813,66.255,2.5,5.0,7.5,10.0,12.5,15.0,17.5
814,66.305,2.4,4.9,7.4,9.9,12.4,14.9,17.4
815,66.355,2.55,5.05,7.55,10.05,12.55,15.05,17.55
816,66.405,2.55,5.05,7.55,10.05,12.55,15.05,17.55
817,66.455,2.7,5.2,7.7,10.2,12.7,15.2,17.7
818,66.505,3.3,5.8,8.3,10.8,13.3,15.8,18.3
819,66.555,3.35,5.85,8.35,10.85,13.35,15.85,18.35
820,66.605,4.1,6.6,9.1,11.6,14.1,16.6,19.1
821,66.655,3.85,6.35,8.85,11.35,13.85,16.35,18.85
822,66.705,3.85,6.35,8.85,11.35,13.85,16.35,18.85
823,66.755,3.55,6.05,8.55,11.05,13.55,16.05,18.55
824,66.805,3.5,6.0,8.5,11.0,13.5,16.0,18.5
825,66.855,3.75,6.25,8.75,11.25,13.75,16.25,18.75
826,66.905,3.7,6.2,8.7,11.2,13.7,16.2,18.7
827,66.955,3.7,6.2,8.7,11.2,13.7,16.2,18.7
828,67.005,3.85,6.35,8.85,11.35,13.85,16.35,18.85
829,67.055,3.9,6.4,8.9,11.4,13.9,16.4,18.9
830,67.105,3.6,6.1,8.6,11.1,13.6,16.1,18.6
831,67.155,4.0,6.5,9.0,11.5,14.0,16.5,19.0
832,67.205,3.85,6.35,8.85,11.35,13.85,16.35,18.85
